Record ID,DateTime,Location,Vehicle Type,Vehicle Count,Weather Condition,Number Plate,State,Entry Time,Exit Time
1,1/17/2025 2:44,Location-16,Car,3,Rainy,HR-98-PK-8118,HR,1/17/2025 2:44,1/17/2025 4:03
2,1/3/2025 9:19,Location-5,Truck,2,Snowy,GJ-30-YG-5947,GJ,1/3/2025 9:19,1/3/2025 11:16
3,1/3/2025 1:24,Location-8,Bike,4,Cloudy,RJ-97-DQ-2694,RJ,1/3/2025 1:24,1/3/2025 2:17
4,1/5/2025 17:21,Location-14,Car,1,Cloudy,PB-40-JP-9542,PB,1/5/2025 17:21,1/5/2025 18:17
5,1/14/2025 7:38,Location-5,Car,3,Foggy,DL-36-FN-5420,DL,1/14/2025 7:38,1/14/2025 8:41
6,1/10/2025 16:40,Location-11,SUV,1,Sunny,WB-81-YX-2630,WB,1/10/2025 16:40,1/10/2025 16:45
7,1/18/2025 16:41,Location-17,SUV,1,Snowy,DL-63-CW-7423,DL,1/18/2025 16:41,1/18/2025 17:08
8,1/28/2025 6:59,Location-7,Car,4,Sunny,GJ-56-VR-1552,GJ,1/28/2025 6:59,1/28/2025 7:50
9,1/22/2025 11:47,Location-13,SUV,1,Rainy,TN-18-LB-4060,TN,1/22/2025 11:47,1/22/2025 12:25
10,1/23/2025 16:55,Location-2,Bike,1,Snowy,DL-44-OR-1076,DL,1/23/2025 16:55,1/23/2025 18:09
11,1/1/2025 14:15,Location-11,SUV,4,Sunny,UP-37-GN-8692,UP,1/1/2025 14:15,1/1/2025 14:37
12,1/14/2025 15:44,Location-15,Car,4,Sunny,UP-51-LG-9996,UP,1/14/2025 15:44,1/14/2025 17:00
13,1/9/2025 3:39,Location-6,Van,1,Foggy,UP-39-WX-1274,UP,1/9/2025 3:39,1/9/2025 4:25
14,1/24/2025 15:29,Location-10,Truck,3,Rainy,HR-78-KK-5054,HR,1/24/2025 15:29,1/24/2025 16:24
15,1/29/2025 7:07,Location-15,Car,5,Sunny,TN-72-ZT-3350,TN,1/29/2025 7:07,1/29/2025 8:41
16,1/15/2025 17:14,Location-5,Bus,3,Sunny,WB-11-ID-9833,WB,1/15/2025 17:14,1/15/2025 17:36
17,1/13/2025 4:52,Location-10,Car,2,Snowy,RJ-41-ID-3392,RJ,1/13/2025 4:52,1/13/2025 6:08
18,1/21/2025 16:46,Location-18,Bus,5,Foggy,RJ-78-XI-3060,RJ,1/21/2025 16:46,1/21/2025 17:16
19,1/25/2025 19:48,Location-13,SUV,3,Snowy,HR-79-HC-3939,HR,1/25/2025 19:48,1/25/2025 20:45
20,1/11/2025 5:09,Location-1,Bus,4,Snowy,TN-26-ZQ-4841,TN,1/11/2025 5:09,1/11/2025 5:53
21,1/16/2025 3:08,Location-10,Van,5,Cloudy,UP-50-TZ-7203,UP,1/16/2025 3:08,1/16/2025 3:35
22,1/17/2025 12:59,Location-15,Car,5,Snowy,DL-97-KA-9672,DL,1/17/2025 12:59,1/17/2025 14:16
23,1/26/2025 0:04,Location-20,Van,5,Snowy,KA-44-CI-1467,KA,1/26/2025 0:04,1/26/2025 1:19
24,1/31/2025 10:32,Location-19,Car,4,Foggy,UP-60-TK-6694,UP,1/31/2025 10:32,1/31/2025 10:51
25,1/1/2025 7:16,Location-17,SUV,5,Foggy,KA-65-GW-3944,KA,1/1/2025 7:16,1/1/2025 8:08
26,1/15/2025 0:26,Location-8,SUV,2,Sunny,UP-50-AY-8526,UP,1/15/2025 0:26,1/15/2025 2:07
27,1/16/2025 10:15,Location-17,Truck,3,Rainy,TN-77-ZR-5877,TN,1/16/2025 10:15,1/16/2025 11:19
28,1/3/2025 7:46,Location-5,Truck,3,Snowy,WB-93-EP-5525,WB,1/3/2025 7:46,1/3/2025 9:40
29,1/5/2025 14:43,Location-5,Car,4,Foggy,KA-92-BO-8614,KA,1/5/2025 14:43,1/5/2025 15:54
30,1/13/2025 8:09,Location-3,Bus,3,Cloudy,WB-25-JT-4758,WB,1/13/2025 8:09,1/13/2025 8:29
31,1/2/2025 20:56,Location-3,Van,3,Cloudy,KA-12-AR-1017,KA,1/2/2025 20:56,1/2/2025 21:44
32,1/17/2025 2:19,Location-5,Truck,5,Foggy,MH-13-XI-5617,MH,1/17/2025 2:19,1/17/2025 2:55
33,1/26/2025 10:27,Location-9,Truck,2,Foggy,WB-61-XK-3742,WB,1/26/2025 10:27,1/26/2025 12:18
34,1/11/2025 1:41,Location-13,Van,1,Foggy,GJ-52-EN-4264,GJ,1/11/2025 1:41,1/11/2025 1:56
35,1/23/2025 11:05,Location-13,SUV,5,Snowy,DL-43-HG-3199,DL,1/23/2025 11:05,1/23/2025 12:11
36,1/29/2025 4:39,Location-8,Bus,3,Snowy,UP-49-ER-2778,UP,1/29/2025 4:39,1/29/2025 5:54
37,1/16/2025 16:09,Location-20,Van,4,Cloudy,UP-29-WO-3399,UP,1/16/2025 16:09,1/16/2025 17:56
38,1/14/2025 4:17,Location-13,Bike,2,Rainy,HR-92-XD-8790,HR,1/14/2025 4:17,1/14/2025 6:12
39,1/25/2025 13:21,Location-5,Bike,1,Foggy,TN-85-EZ-4179,TN,1/25/2025 13:21,1/25/2025 13:50
40,1/28/2025 18:18,Location-12,Car,1,Rainy,TN-35-IL-8809,TN,1/28/2025 18:18,1/28/2025 19:07
41,1/28/2025 12:07,Location-6,Truck,3,Snowy,KA-20-HQ-8543,KA,1/28/2025 12:07,1/28/2025 13:20
42,1/12/2025 11:23,Location-11,Bus,3,Cloudy,WB-21-NB-6272,WB,1/12/2025 11:23,1/12/2025 12:54
43,1/15/2025 5:07,Location-20,SUV,1,Sunny,DL-25-BT-4648,DL,1/15/2025 5:07,1/15/2025 6:37
44,1/15/2025 18:34,Location-14,Van,3,Rainy,PB-75-HV-6249,PB,1/15/2025 18:34,1/15/2025 18:49
45,1/2/2025 10:58,Location-7,Van,5,Sunny,GJ-39-VL-3409,GJ,1/2/2025 10:58,1/2/2025 11:10
46,1/5/2025 23:21,Location-8,Bus,4,Snowy,PB-71-QZ-8403,PB,1/5/2025 23:21,1/6/2025 0:53
47,1/2/2025 7:02,Location-1,Bus,2,Foggy,WB-75-NI-2577,WB,1/2/2025 7:02,1/2/2025 7:23
48,1/21/2025 22:07,Location-3,Van,5,Snowy,KA-62-BN-5431,KA,1/21/2025 22:07,1/21/2025 23:34
49,1/3/2025 21:37,Location-12,Bike,1,Sunny,GJ-72-EH-6536,GJ,1/3/2025 21:37,1/3/2025 23:10
50,1/10/2025 1:59,Location-1,SUV,3,Snowy,KA-92-SZ-1812,KA,1/10/2025 1:59,1/10/2025 3:11
51,1/13/2025 18:17,Location-20,Bike,3,Snowy,KA-67-UP-7465,KA,1/13/2025 18:17,1/13/2025 19:47
52,1/30/2025 10:28,Location-3,Bus,4,Foggy,DL-20-SY-6239,DL,1/30/2025 10:28,1/30/2025 12:27
53,1/9/2025 3:16,Location-10,SUV,5,Snowy,RJ-94-FC-5924,RJ,1/9/2025 3:16,1/9/2025 3:51
54,1/27/2025 3:38,Location-8,Van,2,Snowy,UP-38-QS-3230,UP,1/27/2025 3:38,1/27/2025 4:39
55,1/11/2025 3:34,Location-18,SUV,1,Rainy,UP-84-ZY-3686,UP,1/11/2025 3:34,1/11/2025 5:05
56,1/25/2025 16:14,Location-2,Truck,1,Snowy,RJ-39-PU-1684,RJ,1/25/2025 16:14,1/25/2025 16:25
57,1/14/2025 16:29,Location-13,Van,4,Cloudy,GJ-98-ME-9318,GJ,1/14/2025 16:29,1/14/2025 17:54
58,1/25/2025 5:38,Location-3,Truck,5,Foggy,DL-84-HR-9005,DL,1/25/2025 5:38,1/25/2025 6:41
59,1/24/2025 4:20,Location-6,Truck,1,Foggy,HR-72-XG-1211,HR,1/24/2025 4:20,1/24/2025 5:59
60,1/11/2025 10:01,Location-16,SUV,3,Rainy,WB-81-QG-4094,WB,1/11/2025 10:01,1/11/2025 10:33
61,1/3/2025 10:20,Location-19,Bike,5,Sunny,HR-17-NW-1997,HR,1/3/2025 10:20,1/3/2025 12:17
62,1/23/2025 14:32,Location-15,Bike,5,Foggy,PB-85-QK-8495,PB,1/23/2025 14:32,1/23/2025 15:40
63,1/23/2025 0:35,Location-12,Van,2,Sunny,WB-39-ZC-4066,WB,1/23/2025 0:35,1/23/2025 0:59
64,1/24/2025 22:46,Location-1,Truck,1,Snowy,PB-34-AZ-7511,PB,1/24/2025 22:46,1/25/2025 0:15
65,1/5/2025 23:14,Location-19,SUV,5,Snowy,WB-92-SO-6074,WB,1/5/2025 23:14,1/5/2025 23:56
66,1/21/2025 9:00,Location-8,SUV,3,Sunny,TN-18-FF-5548,TN,1/21/2025 9:00,1/21/2025 10:06
67,1/6/2025 16:18,Location-11,Bike,5,Sunny,TN-36-YK-8261,TN,1/6/2025 16:18,1/6/2025 17:46
68,1/10/2025 20:55,Location-4,SUV,3,Snowy,PB-14-MD-9718,PB,1/10/2025 20:55,1/10/2025 21:15
69,1/17/2025 14:19,Location-13,Bus,3,Rainy,TN-76-SN-3478,TN,1/17/2025 14:19,1/17/2025 16:08
70,1/20/2025 13:54,Location-1,Truck,3,Foggy,UP-74-DV-5992,UP,1/20/2025 13:54,1/20/2025 15:24
71,1/15/2025 17:45,Location-15,Bike,3,Rainy,WB-80-UY-8185,WB,1/15/2025 17:45,1/15/2025 18:10
72,1/3/2025 15:47,Location-19,Van,4,Foggy,TN-13-NS-5013,TN,1/3/2025 15:47,1/3/2025 17:17
73,1/16/2025 3:32,Location-9,SUV,3,Foggy,RJ-32-ID-5857,RJ,1/16/2025 3:32,1/16/2025 5:28
74,1/13/2025 17:39,Location-8,Car,1,Cloudy,WB-63-PF-5529,WB,1/13/2025 17:39,1/13/2025 19:31
75,1/26/2025 21:04,Location-4,Van,1,Snowy,DL-32-DO-2673,DL,1/26/2025 21:04,1/26/2025 23:00
76,1/26/2025 13:29,Location-12,Bus,1,Cloudy,DL-25-HO-3578,DL,1/26/2025 13:29,1/26/2025 15:10
77,1/28/2025 5:05,Location-6,Car,4,Rainy,WB-41-SZ-2444,WB,1/28/2025 5:05,1/28/2025 6:04
78,1/13/2025 19:04,Location-10,Van,2,Snowy,GJ-51-VN-4142,GJ,1/13/2025 19:04,1/13/2025 19:39
79,1/15/2025 0:02,Location-8,Truck,2,Rainy,KA-94-BN-1634,KA,1/15/2025 0:02,1/15/2025 0:57
80,1/26/2025 10:56,Location-18,Truck,5,Snowy,HR-35-AA-9435,HR,1/26/2025 10:56,1/26/2025 11:03
81,1/25/2025 1:03,Location-10,Van,4,Snowy,MH-26-XS-2828,MH,1/25/2025 1:03,1/25/2025 1:47
82,1/17/2025 6:03,Location-2,Car,1,Foggy,DL-57-IM-4646,DL,1/17/2025 6:03,1/17/2025 7:03
83,1/16/2025 8:01,Location-1,Bus,3,Rainy,HR-89-FK-8196,HR,1/16/2025 8:01,1/16/2025 9:06
84,1/5/2025 5:10,Location-18,Bus,1,Foggy,DL-52-LG-7767,DL,1/5/2025 5:10,1/5/2025 5:52
85,1/2/2025 1:27,Location-1,Car,5,Sunny,PB-21-TR-7446,PB,1/2/2025 1:27,1/2/2025 1:59
86,1/24/2025 3:40,Location-16,SUV,1,Sunny,RJ-36-WU-4013,RJ,1/24/2025 3:40,1/24/2025 3:58
87,1/6/2025 19:12,Location-5,Truck,4,Snowy,GJ-25-ZI-4227,GJ,1/6/2025 19:12,1/6/2025 21:04
88,1/16/2025 14:01,Location-8,SUV,1,Foggy,MH-35-UF-8966,MH,1/16/2025 14:01,1/16/2025 15:09
89,1/9/2025 16:21,Location-9,SUV,5,Sunny,MH-69-KA-3857,MH,1/9/2025 16:21,1/9/2025 17:27
90,1/17/2025 2:29,Location-20,Bike,1,Snowy,WB-87-FK-9206,WB,1/17/2025 2:29,1/17/2025 4:28
91,1/28/2025 11:24,Location-17,Truck,3,Snowy,RJ-47-UN-3080,RJ,1/28/2025 11:24,1/28/2025 13:19
92,1/10/2025 16:05,Location-11,Car,2,Snowy,RJ-90-WV-2838,RJ,1/10/2025 16:05,1/10/2025 17:36
93,1/4/2025 13:39,Location-1,Car,1,Cloudy,WB-85-CB-9173,WB,1/4/2025 13:39,1/4/2025 13:56
94,1/27/2025 11:49,Location-1,Car,5,Rainy,RJ-33-GG-8836,RJ,1/27/2025 11:49,1/27/2025 12:00
95,1/9/2025 14:06,Location-20,SUV,4,Foggy,UP-17-CY-5428,UP,1/9/2025 14:06,1/9/2025 14:52
96,1/23/2025 10:06,Location-7,SUV,5,Cloudy,GJ-56-CA-8220,GJ,1/23/2025 10:06,1/23/2025 12:03
97,1/23/2025 14:47,Location-4,Van,4,Sunny,HR-62-FA-1974,HR,1/23/2025 14:47,1/23/2025 16:05
98,1/10/2025 18:06,Location-4,SUV,1,Snowy,WB-84-NM-7004,WB,1/10/2025 18:06,1/10/2025 18:44
99,1/10/2025 4:29,Location-5,Bike,2,Cloudy,PB-63-CD-3000,PB,1/10/2025 4:29,1/10/2025 5:07
100,1/29/2025 19:25,Location-1,Truck,4,Sunny,WB-57-WN-8781,WB,1/29/2025 19:25,1/29/2025 21:22
101,1/20/2025 12:07,Location-8,Car,3,Sunny,RJ-10-OO-3255,RJ,1/20/2025 12:07,1/20/2025 12:43
102,1/10/2025 1:55,Location-2,Truck,5,Rainy,DL-38-MA-2039,DL,1/10/2025 1:55,1/10/2025 3:19
103,1/22/2025 13:12,Location-5,Bus,1,Sunny,KA-85-QO-6157,KA,1/22/2025 13:12,1/22/2025 15:07
104,1/26/2025 7:29,Location-10,Bike,2,Sunny,GJ-24-EG-9357,GJ,1/26/2025 7:29,1/26/2025 8:59
105,1/27/2025 6:25,Location-13,Bus,3,Foggy,WB-16-KC-6870,WB,1/27/2025 6:25,1/27/2025 7:25
106,1/10/2025 7:03,Location-10,Bus,2,Cloudy,KA-51-LY-1054,KA,1/10/2025 7:03,1/10/2025 8:34
107,1/20/2025 18:50,Location-20,Bus,4,Snowy,UP-50-BG-4508,UP,1/20/2025 18:50,1/20/2025 20:33
108,1/3/2025 16:41,Location-17,Bus,1,Rainy,RJ-82-IE-8949,RJ,1/3/2025 16:41,1/3/2025 18:13
109,1/4/2025 4:38,Location-8,Van,4,Snowy,KA-84-ZH-5864,KA,1/4/2025 4:38,1/4/2025 5:15
110,1/26/2025 0:50,Location-5,Truck,2,Rainy,MH-79-XA-3235,MH,1/26/2025 0:50,1/26/2025 2:27
111,1/12/2025 14:19,Location-19,Van,1,Rainy,HR-47-BN-2215,HR,1/12/2025 14:19,1/12/2025 15:30
112,1/28/2025 12:32,Location-8,SUV,3,Snowy,GJ-70-ZI-9018,GJ,1/28/2025 12:32,1/28/2025 13:43
113,1/3/2025 12:42,Location-20,Bike,3,Rainy,GJ-51-UP-8992,GJ,1/3/2025 12:42,1/3/2025 13:05
114,1/23/2025 1:04,Location-7,Bus,5,Rainy,UP-22-XY-6571,UP,1/23/2025 1:04,1/23/2025 1:44
115,1/21/2025 4:52,Location-1,Bike,3,Cloudy,TN-15-GT-3262,TN,1/21/2025 4:52,1/21/2025 6:18
116,1/22/2025 5:45,Location-9,SUV,5,Snowy,RJ-72-PO-4665,RJ,1/22/2025 5:45,1/22/2025 7:32
117,1/12/2025 17:21,Location-15,Truck,3,Rainy,RJ-74-JJ-2933,RJ,1/12/2025 17:21,1/12/2025 17:46
118,1/10/2025 4:08,Location-6,Bike,3,Snowy,RJ-93-MS-4414,RJ,1/10/2025 4:08,1/10/2025 6:00
119,1/29/2025 11:45,Location-19,SUV,3,Cloudy,GJ-60-NU-7141,GJ,1/29/2025 11:45,1/29/2025 12:23
120,1/25/2025 15:12,Location-13,Truck,3,Sunny,PB-59-JP-3847,PB,1/25/2025 15:12,1/25/2025 17:00
121,1/12/2025 21:23,Location-17,Van,3,Foggy,MH-28-MA-2946,MH,1/12/2025 21:23,1/12/2025 22:18
122,1/31/2025 9:38,Location-7,SUV,4,Cloudy,PB-87-MK-3952,PB,1/31/2025 9:38,1/31/2025 11:05
123,1/3/2025 19:24,Location-9,Car,4,Cloudy,HR-75-FJ-1580,HR,1/3/2025 19:24,1/3/2025 20:39
124,1/10/2025 19:25,Location-16,Car,1,Foggy,PB-58-ZY-6581,PB,1/10/2025 19:25,1/10/2025 20:53
125,1/8/2025 6:26,Location-10,Truck,5,Cloudy,HR-83-OY-1951,HR,1/8/2025 6:26,1/8/2025 6:59
126,1/5/2025 17:39,Location-10,Car,1,Cloudy,UP-97-XG-7386,UP,1/5/2025 17:39,1/5/2025 18:48
127,1/20/2025 7:16,Location-18,Van,1,Cloudy,HR-65-MU-9549,HR,1/20/2025 7:16,1/20/2025 8:40
128,1/23/2025 16:43,Location-2,Car,4,Snowy,MH-92-WC-1198,MH,1/23/2025 16:43,1/23/2025 18:26
129,1/29/2025 1:10,Location-19,Car,2,Cloudy,UP-53-JK-2954,UP,1/29/2025 1:10,1/29/2025 2:13
130,1/17/2025 23:57,Location-12,Van,5,Foggy,GJ-82-ZT-9168,GJ,1/17/2025 23:57,1/18/2025 0:43
131,1/17/2025 18:04,Location-17,Car,1,Sunny,TN-33-FH-1022,TN,1/17/2025 18:04,1/17/2025 19:26
132,1/31/2025 3:26,Location-14,Bike,4,Foggy,DL-11-OF-3173,DL,1/31/2025 3:26,1/31/2025 4:06
133,1/26/2025 4:19,Location-1,Bike,1,Foggy,GJ-94-OT-2582,GJ,1/26/2025 4:19,1/26/2025 5:16
134,1/8/2025 22:31,Location-7,Van,2,Rainy,GJ-40-ZN-2208,GJ,1/8/2025 22:31,1/8/2025 23:56
135,1/23/2025 16:40,Location-10,Van,2,Rainy,MH-64-QR-2428,MH,1/23/2025 16:40,1/23/2025 17:17
136,1/15/2025 2:22,Location-11,Truck,2,Rainy,TN-15-NO-9840,TN,1/15/2025 2:22,1/15/2025 2:56
137,1/26/2025 13:50,Location-2,Bus,2,Cloudy,GJ-14-FH-9086,GJ,1/26/2025 13:50,1/26/2025 14:39
138,1/8/2025 11:30,Location-8,Truck,3,Cloudy,GJ-32-EV-6675,GJ,1/8/2025 11:30,1/8/2025 12:26
139,1/12/2025 17:44,Location-9,Truck,1,Cloudy,UP-15-DJ-5724,UP,1/12/2025 17:44,1/12/2025 19:37
140,1/4/2025 8:21,Location-3,Bus,2,Snowy,GJ-36-LZ-1911,GJ,1/4/2025 8:21,1/4/2025 9:24
141,1/30/2025 19:15,Location-11,Truck,4,Snowy,GJ-88-WO-8497,GJ,1/30/2025 19:15,1/30/2025 21:03
142,1/17/2025 2:11,Location-9,Bus,5,Cloudy,WB-18-AR-6586,WB,1/17/2025 2:11,1/17/2025 2:56
143,1/20/2025 17:18,Location-18,Van,5,Cloudy,WB-24-SG-6776,WB,1/20/2025 17:18,1/20/2025 18:33
144,1/21/2025 3:20,Location-17,Bike,2,Rainy,GJ-77-FC-7649,GJ,1/21/2025 3:20,1/21/2025 5:05
145,1/3/2025 22:01,Location-9,Truck,2,Cloudy,MH-51-AV-6441,MH,1/3/2025 22:01,1/3/2025 23:13
146,1/31/2025 12:13,Location-17,Bike,4,Cloudy,DL-95-ZS-8075,DL,1/31/2025 12:13,1/31/2025 12:40
147,1/2/2025 7:39,Location-12,Car,4,Cloudy,WB-10-QM-5267,WB,1/2/2025 7:39,1/2/2025 7:50
148,1/28/2025 7:53,Location-6,Bus,2,Rainy,HR-78-KI-8466,HR,1/28/2025 7:53,1/28/2025 8:17
149,1/19/2025 1:37,Location-1,Truck,5,Sunny,UP-13-FD-1891,UP,1/19/2025 1:37,1/19/2025 1:48
150,1/19/2025 8:27,Location-2,Bike,1,Foggy,KA-73-DG-1030,KA,1/19/2025 8:27,1/19/2025 8:42
151,1/3/2025 11:44,Location-10,Bike,5,Snowy,PB-48-RX-9087,PB,1/3/2025 11:44,1/3/2025 12:18
152,1/19/2025 18:06,Location-1,Bus,4,Cloudy,TN-98-UQ-1456,TN,1/19/2025 18:06,1/19/2025 18:21
153,1/9/2025 20:23,Location-12,SUV,1,Cloudy,WB-30-ZR-6250,WB,1/9/2025 20:23,1/9/2025 21:56
154,1/3/2025 4:16,Location-19,Truck,5,Rainy,RJ-20-MH-3137,RJ,1/3/2025 4:16,1/3/2025 5:28
155,1/9/2025 2:13,Location-1,Bus,5,Cloudy,RJ-40-YN-2884,RJ,1/9/2025 2:13,1/9/2025 3:42
156,1/25/2025 19:22,Location-11,Bike,2,Snowy,MH-87-SI-2031,MH,1/25/2025 19:22,1/25/2025 19:52
157,1/9/2025 13:10,Location-16,Car,5,Foggy,TN-45-SQ-7278,TN,1/9/2025 13:10,1/9/2025 13:21
158,1/12/2025 21:51,Location-5,Truck,4,Snowy,MH-38-ZU-4576,MH,1/12/2025 21:51,1/12/2025 23:13
159,1/11/2025 4:43,Location-17,Car,4,Sunny,PB-98-ZI-5036,PB,1/11/2025 4:43,1/11/2025 6:17
160,1/8/2025 2:43,Location-7,SUV,2,Foggy,PB-41-XX-2284,PB,1/8/2025 2:43,1/8/2025 3:10
161,1/11/2025 18:28,Location-6,SUV,1,Rainy,GJ-39-UW-5596,GJ,1/11/2025 18:28,1/11/2025 18:45
162,1/2/2025 15:38,Location-15,SUV,2,Sunny,UP-51-ZM-7764,UP,1/2/2025 15:38,1/2/2025 17:11
163,1/21/2025 12:32,Location-7,SUV,3,Rainy,RJ-28-HV-6437,RJ,1/21/2025 12:32,1/21/2025 14:06
164,1/11/2025 2:52,Location-20,SUV,1,Rainy,KA-21-PC-9668,KA,1/11/2025 2:52,1/11/2025 3:01
165,1/15/2025 8:23,Location-16,Van,4,Rainy,KA-82-TX-1241,KA,1/15/2025 8:23,1/15/2025 9:46
166,1/15/2025 6:17,Location-6,Truck,4,Snowy,DL-22-VD-6097,DL,1/15/2025 6:17,1/15/2025 7:07
167,1/3/2025 8:29,Location-16,SUV,5,Foggy,GJ-36-YR-3242,GJ,1/3/2025 8:29,1/3/2025 8:37
168,1/20/2025 8:35,Location-19,SUV,5,Foggy,HR-57-IV-9154,HR,1/20/2025 8:35,1/20/2025 10:22
169,1/9/2025 21:14,Location-20,SUV,3,Sunny,PB-19-GH-4801,PB,1/9/2025 21:14,1/9/2025 21:42
170,1/11/2025 7:08,Location-16,Truck,5,Sunny,WB-90-YK-7264,WB,1/11/2025 7:08,1/11/2025 9:08
171,1/21/2025 3:57,Location-3,Car,4,Sunny,KA-56-OW-2087,KA,1/21/2025 3:57,1/21/2025 4:59
172,1/8/2025 0:00,Location-6,Truck,2,Rainy,PB-26-YF-5048,PB,1/8/2025 0:00,1/8/2025 0:47
173,1/18/2025 14:07,Location-16,Bus,4,Foggy,HR-11-OQ-8380,HR,1/18/2025 14:07,1/18/2025 14:32
174,1/27/2025 9:03,Location-9,Car,2,Sunny,KA-17-UH-8943,KA,1/27/2025 9:03,1/27/2025 9:29
175,1/19/2025 0:18,Location-8,Car,3,Rainy,GJ-14-BR-6478,GJ,1/19/2025 0:18,1/19/2025 2:09
176,1/4/2025 19:25,Location-7,Van,3,Snowy,GJ-12-TY-8639,GJ,1/4/2025 19:25,1/4/2025 21:14
177,1/13/2025 7:54,Location-19,Bike,1,Rainy,KA-96-EZ-7701,KA,1/13/2025 7:54,1/13/2025 8:21
178,1/23/2025 15:57,Location-18,Bus,5,Sunny,KA-42-FD-9854,KA,1/23/2025 15:57,1/23/2025 16:28
179,1/26/2025 20:09,Location-17,Bike,5,Rainy,WB-82-SE-3667,WB,1/26/2025 20:09,1/26/2025 20:45
180,1/26/2025 2:26,Location-2,Van,5,Snowy,KA-77-FV-3762,KA,1/26/2025 2:26,1/26/2025 2:41
181,1/12/2025 15:53,Location-20,Van,1,Sunny,DL-32-SB-2216,DL,1/12/2025 15:53,1/12/2025 16:10
182,1/6/2025 8:04,Location-20,Truck,5,Cloudy,DL-90-HJ-6293,DL,1/6/2025 8:04,1/6/2025 9:04
183,1/23/2025 1:23,Location-15,Car,1,Cloudy,PB-62-CE-8925,PB,1/23/2025 1:23,1/23/2025 2:45
184,1/13/2025 13:39,Location-13,SUV,1,Rainy,TN-41-BO-8131,TN,1/13/2025 13:39,1/13/2025 13:44
185,1/16/2025 19:11,Location-4,SUV,1,Foggy,PB-87-IV-4418,PB,1/16/2025 19:11,1/16/2025 20:02
186,1/22/2025 21:42,Location-14,Car,3,Cloudy,HR-57-KB-2924,HR,1/22/2025 21:42,1/22/2025 21:57
187,1/13/2025 12:00,Location-7,Car,2,Sunny,GJ-85-AF-4878,GJ,1/13/2025 12:00,1/13/2025 14:00
188,1/30/2025 8:42,Location-11,Car,4,Foggy,RJ-30-OM-2765,RJ,1/30/2025 8:42,1/30/2025 10:13
189,1/3/2025 18:37,Location-11,Car,2,Foggy,RJ-51-GH-4210,RJ,1/3/2025 18:37,1/3/2025 19:26
190,1/6/2025 7:54,Location-18,Car,3,Sunny,DL-91-FA-7952,DL,1/6/2025 7:54,1/6/2025 8:48
191,1/21/2025 15:58,Location-11,Car,3,Sunny,HR-21-AJ-1429,HR,1/21/2025 15:58,1/21/2025 16:03
192,1/15/2025 22:53,Location-15,Car,3,Foggy,RJ-80-AC-8928,RJ,1/15/2025 22:53,1/16/2025 0:10
193,1/29/2025 20:26,Location-18,Bus,2,Cloudy,KA-34-EZ-1780,KA,1/29/2025 20:26,1/29/2025 20:42
194,1/30/2025 1:08,Location-8,Bike,3,Cloudy,DL-53-OI-8503,DL,1/30/2025 1:08,1/30/2025 1:36
195,1/6/2025 0:36,Location-3,SUV,3,Sunny,TN-76-MR-7674,TN,1/6/2025 0:36,1/6/2025 1:08
196,1/15/2025 19:09,Location-3,Bike,5,Snowy,MH-99-QE-6593,MH,1/15/2025 19:09,1/15/2025 19:48
197,1/17/2025 10:25,Location-18,Bus,5,Foggy,HR-42-TG-9552,HR,1/17/2025 10:25,1/17/2025 11:03
198,1/26/2025 16:52,Location-1,Bike,3,Rainy,HR-98-XP-2917,HR,1/26/2025 16:52,1/26/2025 17:45
199,1/6/2025 20:46,Location-15,SUV,4,Foggy,GJ-35-FS-9791,GJ,1/6/2025 20:46,1/6/2025 21:12
200,1/20/2025 8:49,Location-18,Bus,5,Sunny,HR-11-NJ-5885,HR,1/20/2025 8:49,1/20/2025 10:44
201,1/18/2025 9:21,Location-20,Bike,2,Rainy,TN-18-LI-7037,TN,1/18/2025 9:21,1/18/2025 10:51
202,1/4/2025 4:51,Location-17,SUV,4,Rainy,HR-31-CC-3200,HR,1/4/2025 4:51,1/4/2025 6:29
203,1/8/2025 16:08,Location-17,Truck,1,Sunny,KA-88-KH-5377,KA,1/8/2025 16:08,1/8/2025 17:14
204,1/19/2025 4:16,Location-4,SUV,3,Rainy,RJ-22-WM-2675,RJ,1/19/2025 4:16,1/19/2025 5:18
205,1/12/2025 6:28,Location-9,Bus,5,Cloudy,HR-85-JQ-6063,HR,1/12/2025 6:28,1/12/2025 6:49
206,1/9/2025 18:43,Location-1,Bike,3,Snowy,UP-45-MB-7506,UP,1/9/2025 18:43,1/9/2025 19:27
207,1/16/2025 13:15,Location-12,Bus,5,Sunny,HR-88-KB-2130,HR,1/16/2025 13:15,1/16/2025 14:18
208,1/15/2025 6:28,Location-11,Bus,1,Snowy,TN-85-SB-4073,TN,1/15/2025 6:28,1/15/2025 7:57
209,1/4/2025 15:45,Location-7,Van,3,Cloudy,WB-63-WQ-5946,WB,1/4/2025 15:45,1/4/2025 17:23
210,1/21/2025 13:05,Location-1,Van,3,Foggy,WB-92-EP-9100,WB,1/21/2025 13:05,1/21/2025 13:39
211,1/1/2025 15:12,Location-10,Car,4,Sunny,DL-44-SA-7621,DL,1/1/2025 15:12,1/1/2025 16:45
212,1/25/2025 4:33,Location-5,Bike,3,Snowy,WB-79-TR-9165,WB,1/25/2025 4:33,1/25/2025 6:04
213,1/17/2025 3:09,Location-13,SUV,5,Rainy,MH-34-TP-3623,MH,1/17/2025 3:09,1/17/2025 5:00
214,1/24/2025 21:56,Location-8,Bus,2,Snowy,GJ-70-EW-3640,GJ,1/24/2025 21:56,1/24/2025 23:36
215,1/18/2025 15:10,Location-20,Truck,2,Snowy,WB-94-NG-2094,WB,1/18/2025 15:10,1/18/2025 16:56
216,1/16/2025 5:31,Location-6,Truck,4,Sunny,RJ-60-GK-7939,RJ,1/16/2025 5:31,1/16/2025 5:47
217,1/17/2025 9:36,Location-8,SUV,3,Sunny,KA-34-MI-1956,KA,1/17/2025 9:36,1/17/2025 10:16
218,1/17/2025 18:39,Location-9,Car,4,Snowy,UP-46-EX-8469,UP,1/17/2025 18:39,1/17/2025 20:02
219,1/16/2025 10:18,Location-10,Truck,3,Foggy,UP-58-DS-3270,UP,1/16/2025 10:18,1/16/2025 10:48
220,1/8/2025 8:14,Location-18,Van,4,Snowy,KA-52-HD-2206,KA,1/8/2025 8:14,1/8/2025 9:11
221,1/23/2025 16:42,Location-2,Bike,4,Snowy,GJ-52-XG-1377,GJ,1/23/2025 16:42,1/23/2025 17:36
222,1/27/2025 12:37,Location-5,Car,2,Cloudy,DL-91-NP-1771,DL,1/27/2025 12:37,1/27/2025 14:15
223,1/22/2025 21:44,Location-12,Bike,4,Snowy,TN-59-AH-2395,TN,1/22/2025 21:44,1/22/2025 23:24
224,1/14/2025 19:06,Location-14,Van,3,Rainy,TN-64-DJ-8127,TN,1/14/2025 19:06,1/14/2025 20:51
225,1/30/2025 2:24,Location-18,Bus,2,Foggy,GJ-56-RE-3513,GJ,1/30/2025 2:24,1/30/2025 3:30
226,1/13/2025 7:27,Location-9,Car,1,Foggy,WB-79-WT-5217,WB,1/13/2025 7:27,1/13/2025 9:25
227,1/30/2025 20:08,Location-13,Van,3,Rainy,UP-43-RR-1141,UP,1/30/2025 20:08,1/30/2025 22:08
228,1/11/2025 6:24,Location-15,Bike,3,Cloudy,UP-14-NR-5183,UP,1/11/2025 6:24,1/11/2025 7:14
229,1/10/2025 11:25,Location-19,SUV,2,Foggy,MH-36-HI-7501,MH,1/10/2025 11:25,1/10/2025 11:30
230,1/20/2025 15:06,Location-15,Van,1,Sunny,MH-44-VT-4920,MH,1/20/2025 15:06,1/20/2025 16:01
231,1/31/2025 13:27,Location-5,Bike,2,Sunny,HR-84-KQ-2030,HR,1/31/2025 13:27,1/31/2025 14:09
232,1/29/2025 19:00,Location-7,Bike,2,Rainy,KA-51-KS-6283,KA,1/29/2025 19:00,1/29/2025 19:15
233,1/23/2025 1:10,Location-2,Truck,1,Snowy,HR-76-YS-2970,HR,1/23/2025 1:10,1/23/2025 1:56
234,1/30/2025 13:03,Location-19,Bike,1,Foggy,KA-40-QA-4305,KA,1/30/2025 13:03,1/30/2025 14:33
235,1/6/2025 12:18,Location-3,Van,4,Cloudy,GJ-86-KN-4758,GJ,1/6/2025 12:18,1/6/2025 13:49
236,1/1/2025 20:27,Location-18,Truck,3,Cloudy,RJ-59-XL-6466,RJ,1/1/2025 20:27,1/1/2025 21:07
237,1/21/2025 3:42,Location-11,Bus,3,Foggy,MH-28-DO-6382,MH,1/21/2025 3:42,1/21/2025 5:33
238,1/18/2025 13:23,Location-17,Van,1,Cloudy,HR-34-IU-1771,HR,1/18/2025 13:23,1/18/2025 14:40
239,1/7/2025 11:48,Location-20,SUV,1,Snowy,UP-57-MP-4387,UP,1/7/2025 11:48,1/7/2025 12:39
240,1/19/2025 17:51,Location-7,Car,5,Snowy,PB-67-VY-9583,PB,1/19/2025 17:51,1/19/2025 18:27
241,1/14/2025 20:46,Location-18,SUV,5,Cloudy,UP-90-KG-7132,UP,1/14/2025 20:46,1/14/2025 21:12
242,1/11/2025 10:09,Location-17,Truck,4,Cloudy,DL-81-QQ-4155,DL,1/11/2025 10:09,1/11/2025 11:24
243,1/27/2025 21:23,Location-10,Truck,5,Cloudy,GJ-69-NZ-9315,GJ,1/27/2025 21:23,1/27/2025 22:10
244,1/11/2025 16:48,Location-16,Bus,3,Sunny,GJ-72-MJ-4834,GJ,1/11/2025 16:48,1/11/2025 18:18
245,1/7/2025 13:35,Location-20,Bike,5,Snowy,HR-99-QO-2740,HR,1/7/2025 13:35,1/7/2025 14:33
246,1/14/2025 2:10,Location-4,Bike,2,Snowy,RJ-60-QP-4185,RJ,1/14/2025 2:10,1/14/2025 3:07
247,1/31/2025 4:31,Location-17,Car,3,Foggy,MH-64-WH-7709,MH,1/31/2025 4:31,1/31/2025 6:06
248,1/23/2025 18:20,Location-9,Van,3,Foggy,HR-78-LV-3223,HR,1/23/2025 18:20,1/23/2025 19:19
249,1/6/2025 12:01,Location-7,SUV,2,Rainy,UP-61-UK-7272,UP,1/6/2025 12:01,1/6/2025 13:44
250,1/6/2025 4:22,Location-20,Car,1,Rainy,DL-86-QG-1293,DL,1/6/2025 4:22,1/6/2025 4:27
251,1/7/2025 9:51,Location-19,SUV,4,Snowy,MH-37-JX-6017,MH,1/7/2025 9:51,1/7/2025 10:28
252,1/10/2025 11:29,Location-6,SUV,4,Sunny,PB-69-GU-1049,PB,1/10/2025 11:29,1/10/2025 13:27
253,1/4/2025 10:59,Location-11,Car,2,Rainy,WB-70-NJ-1107,WB,1/4/2025 10:59,1/4/2025 12:22
254,1/25/2025 10:10,Location-18,Bus,2,Rainy,DL-78-US-2353,DL,1/25/2025 10:10,1/25/2025 10:35
255,1/18/2025 23:11,Location-17,Van,2,Foggy,DL-41-PQ-8364,DL,1/18/2025 23:11,1/18/2025 23:35
256,1/15/2025 17:19,Location-17,SUV,3,Sunny,KA-43-WA-9806,KA,1/15/2025 17:19,1/15/2025 18:08
257,1/19/2025 7:50,Location-7,Van,3,Rainy,GJ-81-KH-4286,GJ,1/19/2025 7:50,1/19/2025 9:15
258,1/14/2025 3:57,Location-16,Bike,5,Sunny,UP-20-OZ-9553,UP,1/14/2025 3:57,1/14/2025 5:03
259,1/10/2025 21:57,Location-2,Van,3,Foggy,WB-52-EM-4580,WB,1/10/2025 21:57,1/10/2025 23:36
260,1/7/2025 1:17,Location-12,Bus,5,Cloudy,TN-29-TF-5377,TN,1/7/2025 1:17,1/7/2025 3:14
261,1/31/2025 4:31,Location-18,Bus,4,Sunny,TN-61-GA-9796,TN,1/31/2025 4:31,1/31/2025 6:20
262,1/9/2025 0:08,Location-3,Truck,5,Rainy,TN-48-RE-6135,TN,1/9/2025 0:08,1/9/2025 0:41
263,1/20/2025 19:46,Location-2,SUV,2,Snowy,UP-86-RM-1525,UP,1/20/2025 19:46,1/20/2025 21:03
264,1/24/2025 20:59,Location-2,SUV,5,Snowy,GJ-17-CR-4439,GJ,1/24/2025 20:59,1/24/2025 22:04
265,1/28/2025 11:36,Location-14,Bike,5,Foggy,DL-61-HC-9855,DL,1/28/2025 11:36,1/28/2025 13:22
266,1/19/2025 11:31,Location-12,Truck,4,Rainy,KA-68-CU-3397,KA,1/19/2025 11:31,1/19/2025 13:24
267,1/12/2025 5:34,Location-20,Bike,1,Sunny,RJ-22-NO-1488,RJ,1/12/2025 5:34,1/12/2025 6:44
268,1/11/2025 15:38,Location-13,Van,1,Rainy,UP-38-IK-2237,UP,1/11/2025 15:38,1/11/2025 17:27
269,1/19/2025 13:29,Location-4,Car,2,Sunny,TN-15-RP-5606,TN,1/19/2025 13:29,1/19/2025 14:09
270,1/29/2025 5:09,Location-20,Car,1,Rainy,PB-61-LV-5184,PB,1/29/2025 5:09,1/29/2025 6:02
271,1/14/2025 12:24,Location-9,Truck,1,Snowy,WB-44-UH-1789,WB,1/14/2025 12:24,1/14/2025 13:25
272,1/24/2025 2:37,Location-10,Car,5,Snowy,HR-46-XB-7250,HR,1/24/2025 2:37,1/24/2025 4:19
273,1/22/2025 22:03,Location-10,Bus,2,Snowy,DL-17-JD-9749,DL,1/22/2025 22:03,1/22/2025 23:13
274,1/30/2025 15:04,Location-7,Car,4,Cloudy,HR-76-IJ-3782,HR,1/30/2025 15:04,1/30/2025 15:15
275,1/13/2025 15:48,Location-3,Van,2,Snowy,HR-47-DD-7740,HR,1/13/2025 15:48,1/13/2025 17:24
276,1/7/2025 20:22,Location-5,Bike,3,Foggy,KA-21-RS-2578,KA,1/7/2025 20:22,1/7/2025 21:00
277,1/20/2025 6:03,Location-15,Van,5,Cloudy,UP-53-JH-3264,UP,1/20/2025 6:03,1/20/2025 7:42
278,1/25/2025 12:13,Location-17,Bus,4,Cloudy,WB-46-CR-7571,WB,1/25/2025 12:13,1/25/2025 12:56
279,1/1/2025 23:33,Location-8,SUV,4,Snowy,MH-80-XU-5498,MH,1/1/2025 23:33,1/2/2025 0:18
280,1/17/2025 21:26,Location-7,Bus,3,Cloudy,KA-84-NJ-9959,KA,1/17/2025 21:26,1/17/2025 21:38
281,1/28/2025 7:15,Location-13,Car,4,Rainy,WB-39-YX-1482,WB,1/28/2025 7:15,1/28/2025 8:14
282,1/29/2025 3:41,Location-10,Car,2,Sunny,UP-67-CL-7454,UP,1/29/2025 3:41,1/29/2025 4:06
283,1/29/2025 13:28,Location-6,Bus,4,Cloudy,MH-13-DW-4224,MH,1/29/2025 13:28,1/29/2025 14:28
284,1/26/2025 10:20,Location-7,Bike,1,Snowy,TN-44-PB-8168,TN,1/26/2025 10:20,1/26/2025 10:36
285,1/23/2025 1:47,Location-11,Van,2,Cloudy,GJ-62-YU-3228,GJ,1/23/2025 1:47,1/23/2025 2:53
286,1/26/2025 3:18,Location-20,Van,3,Sunny,WB-27-NF-1875,WB,1/26/2025 3:18,1/26/2025 5:05
287,1/27/2025 2:26,Location-3,Truck,4,Rainy,WB-73-WE-3027,WB,1/27/2025 2:26,1/27/2025 2:38
288,1/9/2025 16:40,Location-14,Bike,1,Cloudy,MH-19-HE-1175,MH,1/9/2025 16:40,1/9/2025 18:32
289,1/4/2025 2:59,Location-19,Van,3,Sunny,HR-25-IA-3507,HR,1/4/2025 2:59,1/4/2025 4:11
290,1/22/2025 1:50,Location-10,SUV,2,Cloudy,WB-82-FP-9617,WB,1/22/2025 1:50,1/22/2025 3:06
291,1/13/2025 16:15,Location-11,Truck,5,Snowy,MH-51-SU-2923,MH,1/13/2025 16:15,1/13/2025 17:16
292,1/31/2025 21:58,Location-7,Bike,5,Sunny,DL-35-FE-9513,DL,1/31/2025 21:58,1/31/2025 22:47
293,1/22/2025 3:57,Location-19,SUV,4,Snowy,DL-47-TE-8773,DL,1/22/2025 3:57,1/22/2025 4:21
294,1/23/2025 10:13,Location-3,Bike,5,Cloudy,GJ-97-IH-9376,GJ,1/23/2025 10:13,1/23/2025 11:03
295,1/19/2025 15:41,Location-10,SUV,1,Rainy,DL-33-KV-2019,DL,1/19/2025 15:41,1/19/2025 16:41
296,1/20/2025 4:01,Location-11,Truck,2,Sunny,KA-35-BS-6524,KA,1/20/2025 4:01,1/20/2025 4:41
297,1/19/2025 16:02,Location-13,Van,2,Foggy,DL-83-GN-6890,DL,1/19/2025 16:02,1/19/2025 17:16
298,1/28/2025 12:26,Location-12,SUV,3,Sunny,DL-13-MA-8816,DL,1/28/2025 12:26,1/28/2025 14:06
299,1/19/2025 22:43,Location-3,Bus,1,Snowy,PB-21-IB-7889,PB,1/19/2025 22:43,1/20/2025 0:39
300,1/9/2025 11:28,Location-20,Van,4,Cloudy,GJ-33-NL-3466,GJ,1/9/2025 11:28,1/9/2025 12:32
301,1/22/2025 10:01,Location-17,Bike,5,Sunny,PB-76-JX-9607,PB,1/22/2025 10:01,1/22/2025 10:36
302,1/23/2025 5:02,Location-4,Bus,1,Snowy,UP-80-MV-8060,UP,1/23/2025 5:02,1/23/2025 5:28
303,1/2/2025 23:12,Location-20,Truck,1,Snowy,UP-24-SG-3324,UP,1/2/2025 23:12,1/3/2025 0:04
304,1/10/2025 12:57,Location-8,Car,5,Foggy,TN-41-VI-5783,TN,1/10/2025 12:57,1/10/2025 14:22
305,1/3/2025 12:13,Location-1,Bike,1,Rainy,DL-44-QB-2439,DL,1/3/2025 12:13,1/3/2025 12:27
306,1/7/2025 23:51,Location-4,Truck,3,Cloudy,MH-91-TL-3951,MH,1/7/2025 23:51,1/7/2025 23:57
307,1/23/2025 0:42,Location-13,Truck,3,Cloudy,RJ-55-EP-3300,RJ,1/23/2025 0:42,1/23/2025 1:06
308,1/8/2025 9:44,Location-14,SUV,3,Sunny,RJ-98-GB-6356,RJ,1/8/2025 9:44,1/8/2025 11:12
309,1/16/2025 15:01,Location-14,Bus,1,Snowy,MH-70-LP-8472,MH,1/16/2025 15:01,1/16/2025 15:10
310,1/8/2025 15:41,Location-12,Van,1,Cloudy,HR-42-RZ-5590,HR,1/8/2025 15:41,1/8/2025 16:43
311,1/14/2025 12:44,Location-14,Van,3,Sunny,RJ-43-PC-6982,RJ,1/14/2025 12:44,1/14/2025 13:09
312,1/23/2025 11:41,Location-3,Truck,1,Cloudy,GJ-11-ZT-6217,GJ,1/23/2025 11:41,1/23/2025 13:02
313,1/8/2025 15:15,Location-11,Van,3,Cloudy,MH-86-HO-6485,MH,1/8/2025 15:15,1/8/2025 16:51
314,1/12/2025 22:26,Location-2,Truck,4,Sunny,GJ-29-RH-1514,GJ,1/12/2025 22:26,1/12/2025 23:16
315,1/16/2025 4:43,Location-15,Car,5,Rainy,DL-96-GN-4542,DL,1/16/2025 4:43,1/16/2025 5:13
316,1/1/2025 14:49,Location-18,SUV,2,Rainy,GJ-87-OM-7701,GJ,1/1/2025 14:49,1/1/2025 15:02
317,1/12/2025 3:38,Location-20,Car,2,Cloudy,PB-18-LS-4763,PB,1/12/2025 3:38,1/12/2025 5:10
318,1/20/2025 6:28,Location-10,SUV,3,Sunny,GJ-95-VF-6648,GJ,1/20/2025 6:28,1/20/2025 8:26
319,1/5/2025 20:13,Location-14,Bus,2,Foggy,MH-26-CV-4073,MH,1/5/2025 20:13,1/5/2025 21:22
320,1/1/2025 12:39,Location-4,Truck,4,Sunny,KA-70-JU-2197,KA,1/1/2025 12:39,1/1/2025 13:36
321,1/1/2025 13:13,Location-5,Car,3,Rainy,KA-37-LO-3158,KA,1/1/2025 13:13,1/1/2025 14:48
322,1/25/2025 21:59,Location-18,Bus,5,Cloudy,TN-60-VD-6283,TN,1/25/2025 21:59,1/25/2025 23:12
323,1/11/2025 9:05,Location-19,Van,4,Snowy,UP-10-NE-6044,UP,1/11/2025 9:05,1/11/2025 10:43
324,1/29/2025 5:26,Location-7,Truck,3,Snowy,UP-35-KA-7203,UP,1/29/2025 5:26,1/29/2025 6:06
325,1/2/2025 5:33,Location-14,SUV,3,Cloudy,UP-97-FO-8651,UP,1/2/2025 5:33,1/2/2025 7:17
326,1/4/2025 15:08,Location-3,SUV,5,Foggy,UP-32-OP-7834,UP,1/4/2025 15:08,1/4/2025 15:56
327,1/11/2025 7:46,Location-14,Bike,3,Rainy,KA-21-EF-7215,KA,1/11/2025 7:46,1/11/2025 8:48
328,1/10/2025 22:45,Location-13,Car,4,Sunny,HR-43-RY-1224,HR,1/10/2025 22:45,1/11/2025 0:10
329,1/28/2025 9:29,Location-4,SUV,1,Rainy,PB-34-LF-4147,PB,1/28/2025 9:29,1/28/2025 11:23
330,1/30/2025 14:47,Location-18,SUV,2,Rainy,UP-98-SQ-3325,UP,1/30/2025 14:47,1/30/2025 15:35
331,1/31/2025 11:27,Location-14,Car,2,Cloudy,UP-53-KG-3913,UP,1/31/2025 11:27,1/31/2025 12:16
332,1/29/2025 2:07,Location-13,SUV,2,Rainy,KA-35-MC-4195,KA,1/29/2025 2:07,1/29/2025 3:17
333,1/1/2025 16:46,Location-19,Bike,1,Foggy,GJ-69-KJ-3281,GJ,1/1/2025 16:46,1/1/2025 17:09
334,1/8/2025 7:39,Location-7,Car,2,Foggy,UP-20-EH-6162,UP,1/8/2025 7:39,1/8/2025 8:33
335,1/25/2025 11:37,Location-12,Bike,5,Snowy,DL-87-YA-4384,DL,1/25/2025 11:37,1/25/2025 12:15
336,1/6/2025 0:53,Location-10,Bike,1,Snowy,KA-55-UZ-3553,KA,1/6/2025 0:53,1/6/2025 2:04
337,1/30/2025 2:35,Location-16,Truck,3,Foggy,WB-81-XS-6835,WB,1/30/2025 2:35,1/30/2025 4:00
338,1/29/2025 21:42,Location-18,Van,3,Cloudy,WB-31-LC-9101,WB,1/29/2025 21:42,1/29/2025 23:42
339,1/15/2025 22:50,Location-16,Car,1,Cloudy,KA-53-XD-6059,KA,1/15/2025 22:50,1/15/2025 23:45
340,1/10/2025 13:14,Location-18,Bike,3,Cloudy,WB-64-OE-3209,WB,1/10/2025 13:14,1/10/2025 13:51
341,1/30/2025 15:12,Location-7,Bike,2,Sunny,TN-81-HZ-1321,TN,1/30/2025 15:12,1/30/2025 16:34
342,1/10/2025 15:11,Location-9,Van,1,Sunny,TN-97-ML-9228,TN,1/10/2025 15:11,1/10/2025 15:59
343,1/4/2025 16:13,Location-15,Car,3,Foggy,TN-67-JY-9142,TN,1/4/2025 16:13,1/4/2025 17:02
344,1/30/2025 8:07,Location-14,Bus,4,Foggy,GJ-24-VN-4194,GJ,1/30/2025 8:07,1/30/2025 9:57
345,1/28/2025 20:08,Location-20,Bike,1,Cloudy,KA-34-WO-4078,KA,1/28/2025 20:08,1/28/2025 21:32
346,1/22/2025 19:59,Location-13,Bike,5,Rainy,RJ-60-DR-3720,RJ,1/22/2025 19:59,1/22/2025 21:08
347,1/29/2025 21:37,Location-4,Truck,3,Cloudy,TN-70-IQ-2060,TN,1/29/2025 21:37,1/29/2025 22:48
348,1/18/2025 21:24,Location-1,Bus,5,Sunny,DL-48-HS-3285,DL,1/18/2025 21:24,1/18/2025 22:33
349,1/27/2025 19:12,Location-17,Car,4,Cloudy,RJ-12-PV-4750,RJ,1/27/2025 19:12,1/27/2025 19:29
350,1/10/2025 20:48,Location-11,SUV,5,Snowy,DL-26-ZY-5666,DL,1/10/2025 20:48,1/10/2025 21:01
351,1/9/2025 2:10,Location-16,Truck,3,Snowy,WB-86-ER-9149,WB,1/9/2025 2:10,1/9/2025 3:20
352,1/20/2025 20:50,Location-15,SUV,1,Snowy,MH-30-SY-9432,MH,1/20/2025 20:50,1/20/2025 22:40
353,1/27/2025 7:08,Location-17,Bike,3,Rainy,RJ-96-ZD-7508,RJ,1/27/2025 7:08,1/27/2025 7:46
354,1/3/2025 19:02,Location-13,Bike,3,Cloudy,RJ-52-UU-9729,RJ,1/3/2025 19:02,1/3/2025 20:23
355,1/29/2025 18:49,Location-14,Bike,3,Foggy,PB-41-JH-1767,PB,1/29/2025 18:49,1/29/2025 19:47
356,1/4/2025 18:12,Location-9,Bike,2,Sunny,UP-68-WX-1745,UP,1/4/2025 18:12,1/4/2025 18:31
357,1/9/2025 14:12,Location-10,Bus,1,Snowy,GJ-45-UZ-6876,GJ,1/9/2025 14:12,1/9/2025 15:07
358,1/8/2025 16:33,Location-8,Bus,2,Sunny,DL-30-MK-1972,DL,1/8/2025 16:33,1/8/2025 17:36
359,1/12/2025 12:17,Location-14,SUV,2,Snowy,RJ-38-WZ-1419,RJ,1/12/2025 12:17,1/12/2025 13:15
360,1/19/2025 8:41,Location-10,SUV,5,Snowy,GJ-53-LL-8033,GJ,1/19/2025 8:41,1/19/2025 10:15
361,1/2/2025 12:48,Location-7,Van,2,Foggy,HR-24-JL-5064,HR,1/2/2025 12:48,1/2/2025 14:34
362,1/7/2025 6:10,Location-15,Truck,5,Sunny,KA-78-OW-5665,KA,1/7/2025 6:10,1/7/2025 7:19
363,1/31/2025 7:47,Location-10,Bus,5,Rainy,UP-88-AX-1973,UP,1/31/2025 7:47,1/31/2025 8:55
364,1/27/2025 13:37,Location-11,Bike,2,Sunny,MH-75-SH-8284,MH,1/27/2025 13:37,1/27/2025 14:17
365,1/21/2025 15:05,Location-14,SUV,3,Snowy,UP-43-JL-1159,UP,1/21/2025 15:05,1/21/2025 15:48
366,1/19/2025 12:47,Location-4,Truck,1,Rainy,HR-41-HI-7166,HR,1/19/2025 12:47,1/19/2025 12:59
367,1/15/2025 5:01,Location-9,SUV,5,Sunny,GJ-49-CS-1981,GJ,1/15/2025 5:01,1/15/2025 6:34
368,1/29/2025 1:44,Location-1,Van,1,Rainy,GJ-82-US-8069,GJ,1/29/2025 1:44,1/29/2025 2:42
369,1/4/2025 0:39,Location-5,Bus,5,Sunny,GJ-79-PF-5058,GJ,1/4/2025 0:39,1/4/2025 1:35
370,1/19/2025 14:24,Location-20,SUV,3,Rainy,TN-92-BY-8622,TN,1/19/2025 14:24,1/19/2025 16:03
371,1/19/2025 15:44,Location-11,Car,1,Sunny,DL-69-EZ-5127,DL,1/19/2025 15:44,1/19/2025 17:33
372,1/4/2025 8:37,Location-18,Bike,1,Foggy,RJ-23-IL-6291,RJ,1/4/2025 8:37,1/4/2025 10:37
373,1/16/2025 21:40,Location-17,SUV,5,Snowy,UP-59-JZ-1909,UP,1/16/2025 21:40,1/16/2025 23:31
374,1/25/2025 20:26,Location-3,Truck,5,Sunny,WB-23-JH-1487,WB,1/25/2025 20:26,1/25/2025 20:54
375,1/22/2025 0:43,Location-9,Truck,1,Snowy,HR-89-VD-9611,HR,1/22/2025 0:43,1/22/2025 1:18
376,1/11/2025 8:32,Location-2,Bike,4,Foggy,TN-85-CH-4436,TN,1/11/2025 8:32,1/11/2025 9:03
377,1/10/2025 22:30,Location-19,SUV,1,Rainy,MH-14-CX-9090,MH,1/10/2025 22:30,1/10/2025 22:36
378,1/14/2025 11:50,Location-14,Truck,5,Cloudy,HR-36-CO-9169,HR,1/14/2025 11:50,1/14/2025 13:05
379,1/12/2025 18:36,Location-5,Truck,5,Snowy,UP-24-KE-7739,UP,1/12/2025 18:36,1/12/2025 20:16
380,1/8/2025 21:14,Location-19,Van,4,Sunny,TN-29-TW-1859,TN,1/8/2025 21:14,1/8/2025 21:40
381,1/22/2025 21:29,Location-17,Bike,5,Snowy,MH-54-PU-7007,MH,1/22/2025 21:29,1/22/2025 22:43
382,1/20/2025 12:03,Location-12,Bike,5,Cloudy,GJ-47-QA-7168,GJ,1/20/2025 12:03,1/20/2025 12:14
383,1/12/2025 12:11,Location-6,SUV,5,Foggy,GJ-99-JB-4060,GJ,1/12/2025 12:11,1/12/2025 12:46
384,1/7/2025 23:12,Location-10,Truck,1,Sunny,KA-10-FV-3982,KA,1/7/2025 23:12,1/7/2025 23:56
385,1/8/2025 19:11,Location-8,Car,4,Sunny,GJ-18-DW-7264,GJ,1/8/2025 19:11,1/8/2025 20:07
386,1/13/2025 15:25,Location-14,Car,4,Cloudy,UP-50-YS-7872,UP,1/13/2025 15:25,1/13/2025 16:29
387,1/30/2025 23:38,Location-7,SUV,2,Sunny,PB-74-ON-3995,PB,1/30/2025 23:38,1/31/2025 0:21
388,1/25/2025 3:16,Location-15,Van,1,Cloudy,KA-99-EV-9811,KA,1/25/2025 3:16,1/25/2025 3:21
389,1/14/2025 2:35,Location-3,Bike,5,Snowy,TN-31-AU-2328,TN,1/14/2025 2:35,1/14/2025 4:00
390,1/3/2025 13:12,Location-14,Van,2,Rainy,RJ-78-OV-1907,RJ,1/3/2025 13:12,1/3/2025 14:44
391,1/30/2025 0:13,Location-20,SUV,3,Snowy,TN-42-JQ-5720,TN,1/30/2025 0:13,1/30/2025 0:30
392,1/27/2025 9:52,Location-19,Truck,3,Sunny,DL-64-YN-4456,DL,1/27/2025 9:52,1/27/2025 10:29
393,1/30/2025 4:09,Location-7,Van,2,Rainy,PB-13-GD-6037,PB,1/30/2025 4:09,1/30/2025 4:52
394,1/3/2025 14:50,Location-2,Car,1,Rainy,PB-72-LH-1005,PB,1/3/2025 14:50,1/3/2025 15:42
395,1/5/2025 0:36,Location-16,Bike,1,Cloudy,GJ-37-MX-3873,GJ,1/5/2025 0:36,1/5/2025 1:00
396,1/12/2025 8:01,Location-1,Car,1,Sunny,PB-73-WZ-3091,PB,1/12/2025 8:01,1/12/2025 8:29
397,1/15/2025 1:57,Location-15,SUV,5,Cloudy,PB-22-EI-3188,PB,1/15/2025 1:57,1/15/2025 2:28
398,1/12/2025 22:32,Location-9,Car,1,Cloudy,TN-12-EH-3622,TN,1/12/2025 22:32,1/12/2025 23:20
399,1/3/2025 15:46,Location-5,Van,2,Snowy,TN-44-YD-1975,TN,1/3/2025 15:46,1/3/2025 15:54
400,1/16/2025 5:12,Location-15,Car,2,Rainy,DL-75-NX-7849,DL,1/16/2025 5:12,1/16/2025 6:02
401,1/20/2025 21:47,Location-1,Truck,4,Foggy,WB-90-TP-1535,WB,1/20/2025 21:47,1/20/2025 23:12
402,1/8/2025 18:51,Location-15,Truck,4,Foggy,MH-70-HS-6173,MH,1/8/2025 18:51,1/8/2025 18:57
403,1/3/2025 22:41,Location-17,Van,5,Snowy,UP-35-HL-4034,UP,1/3/2025 22:41,1/4/2025 0:07
404,1/28/2025 13:33,Location-15,Truck,3,Sunny,WB-34-WI-4620,WB,1/28/2025 13:33,1/28/2025 14:36
405,1/26/2025 21:26,Location-8,Van,1,Cloudy,HR-19-NL-3015,HR,1/26/2025 21:26,1/26/2025 21:33
406,1/14/2025 10:09,Location-3,Van,5,Cloudy,DL-15-TS-7718,DL,1/14/2025 10:09,1/14/2025 10:14
407,1/16/2025 8:19,Location-15,Truck,3,Rainy,KA-95-VP-2234,KA,1/16/2025 8:19,1/16/2025 8:34
408,1/15/2025 13:18,Location-13,Bus,3,Snowy,TN-68-FS-9204,TN,1/15/2025 13:18,1/15/2025 14:05
409,1/31/2025 10:20,Location-6,SUV,5,Snowy,PB-49-SW-4893,PB,1/31/2025 10:20,1/31/2025 11:53
410,1/29/2025 21:50,Location-8,SUV,5,Snowy,RJ-15-YG-4660,RJ,1/29/2025 21:50,1/29/2025 22:46
411,1/24/2025 9:05,Location-4,Bike,2,Cloudy,UP-38-RL-1564,UP,1/24/2025 9:05,1/24/2025 10:47
412,1/27/2025 20:38,Location-8,Van,5,Snowy,UP-22-KF-6338,UP,1/27/2025 20:38,1/27/2025 22:32
413,1/13/2025 23:31,Location-10,Truck,4,Snowy,PB-38-MB-2027,PB,1/13/2025 23:31,1/13/2025 23:39
414,1/4/2025 14:44,Location-17,Car,2,Cloudy,UP-86-JC-9976,UP,1/4/2025 14:44,1/4/2025 16:16
415,1/23/2025 5:19,Location-11,Bike,2,Snowy,PB-17-FA-4571,PB,1/23/2025 5:19,1/23/2025 6:58
416,1/2/2025 10:32,Location-4,Van,2,Rainy,PB-86-KO-1422,PB,1/2/2025 10:32,1/2/2025 11:39
417,1/6/2025 4:56,Location-12,SUV,5,Foggy,GJ-87-FN-8643,GJ,1/6/2025 4:56,1/6/2025 5:35
418,1/24/2025 7:31,Location-4,Truck,4,Snowy,TN-62-LU-1985,TN,1/24/2025 7:31,1/24/2025 8:41
419,1/30/2025 5:37,Location-6,Truck,1,Rainy,UP-38-FX-3200,UP,1/30/2025 5:37,1/30/2025 5:49
420,1/30/2025 2:31,Location-20,Bus,1,Cloudy,WB-37-YR-4774,WB,1/30/2025 2:31,1/30/2025 2:41
421,1/12/2025 18:05,Location-20,Truck,1,Sunny,DL-90-TN-4640,DL,1/12/2025 18:05,1/12/2025 19:32
422,1/24/2025 4:27,Location-18,SUV,5,Snowy,MH-84-MA-4347,MH,1/24/2025 4:27,1/24/2025 5:01
423,1/29/2025 3:06,Location-6,Bike,2,Foggy,WB-30-ZC-4976,WB,1/29/2025 3:06,1/29/2025 3:15
424,1/31/2025 18:09,Location-15,Van,4,Snowy,PB-67-RH-4730,PB,1/31/2025 18:09,1/31/2025 18:30
425,1/5/2025 1:05,Location-12,Truck,3,Cloudy,GJ-52-KM-6482,GJ,1/5/2025 1:05,1/5/2025 1:12
426,1/27/2025 10:23,Location-16,Car,2,Foggy,HR-29-QL-1595,HR,1/27/2025 10:23,1/27/2025 12:05
427,1/29/2025 1:16,Location-9,Van,3,Foggy,TN-25-HA-2692,TN,1/29/2025 1:16,1/29/2025 3:02
428,1/26/2025 6:08,Location-2,Bus,1,Cloudy,MH-38-DW-7063,MH,1/26/2025 6:08,1/26/2025 7:00
429,1/29/2025 6:47,Location-3,Bus,5,Sunny,KA-11-QC-8608,KA,1/29/2025 6:47,1/29/2025 8:23
430,1/19/2025 15:20,Location-1,Van,5,Sunny,TN-58-KB-6130,TN,1/19/2025 15:20,1/19/2025 17:02
431,1/13/2025 3:28,Location-8,SUV,4,Sunny,GJ-26-YL-7993,GJ,1/13/2025 3:28,1/13/2025 5:22
432,1/9/2025 19:36,Location-12,Van,4,Snowy,WB-23-VU-7391,WB,1/9/2025 19:36,1/9/2025 19:45
433,1/8/2025 3:29,Location-12,Truck,3,Foggy,UP-51-BZ-2456,UP,1/8/2025 3:29,1/8/2025 5:00
434,1/10/2025 7:58,Location-13,Bike,4,Cloudy,GJ-20-BL-2411,GJ,1/10/2025 7:58,1/10/2025 8:53
435,1/27/2025 13:49,Location-19,Truck,5,Sunny,WB-56-ZI-3315,WB,1/27/2025 13:49,1/27/2025 15:27
436,1/4/2025 20:40,Location-15,Bike,1,Snowy,RJ-76-LS-4248,RJ,1/4/2025 20:40,1/4/2025 22:26
437,1/5/2025 1:57,Location-13,Van,1,Foggy,TN-82-VJ-6188,TN,1/5/2025 1:57,1/5/2025 2:17
438,1/10/2025 15:48,Location-4,Van,5,Rainy,RJ-11-VZ-4406,RJ,1/10/2025 15:48,1/10/2025 17:25
439,1/20/2025 23:40,Location-5,Truck,3,Rainy,WB-63-ZO-6869,WB,1/20/2025 23:40,1/21/2025 0:50
440,1/12/2025 17:42,Location-14,Bike,5,Rainy,UP-73-IM-7382,UP,1/12/2025 17:42,1/12/2025 19:27
441,1/17/2025 19:46,Location-4,Truck,5,Cloudy,MH-30-XC-6442,MH,1/17/2025 19:46,1/17/2025 20:23
442,1/18/2025 10:09,Location-2,Car,2,Sunny,KA-87-VD-1914,KA,1/18/2025 10:09,1/18/2025 10:34
443,1/15/2025 23:09,Location-3,Bus,4,Rainy,UP-34-RM-3411,UP,1/15/2025 23:09,1/16/2025 0:04
444,1/3/2025 23:12,Location-19,Bike,4,Foggy,PB-59-SS-3435,PB,1/3/2025 23:12,1/4/2025 0:42
445,1/16/2025 15:20,Location-10,Truck,1,Foggy,RJ-24-JB-6482,RJ,1/16/2025 15:20,1/16/2025 17:09
446,1/18/2025 22:42,Location-9,Van,2,Rainy,PB-71-CH-2985,PB,1/18/2025 22:42,1/19/2025 0:24
447,1/12/2025 23:32,Location-3,Bike,1,Rainy,PB-63-NY-1821,PB,1/12/2025 23:32,1/12/2025 23:41
448,1/1/2025 7:16,Location-14,Truck,4,Sunny,UP-13-UQ-2507,UP,1/1/2025 7:16,1/1/2025 8:32
449,1/21/2025 14:34,Location-15,SUV,1,Snowy,DL-53-VX-8135,DL,1/21/2025 14:34,1/21/2025 15:59
450,1/10/2025 7:06,Location-6,SUV,2,Cloudy,TN-35-XR-5987,TN,1/10/2025 7:06,1/10/2025 8:19
451,1/5/2025 17:59,Location-7,Truck,4,Snowy,DL-26-LK-5335,DL,1/5/2025 17:59,1/5/2025 19:03
452,1/21/2025 16:30,Location-16,Car,3,Foggy,MH-79-EL-9021,MH,1/21/2025 16:30,1/21/2025 17:15
453,1/26/2025 17:13,Location-5,Truck,1,Cloudy,DL-91-FQ-2826,DL,1/26/2025 17:13,1/26/2025 18:36
454,1/13/2025 16:05,Location-8,Van,5,Snowy,PB-30-CM-4750,PB,1/13/2025 16:05,1/13/2025 17:54
455,1/16/2025 17:59,Location-6,Car,3,Rainy,DL-46-XC-4043,DL,1/16/2025 17:59,1/16/2025 18:46
456,1/19/2025 12:20,Location-7,SUV,4,Cloudy,KA-54-SC-9343,KA,1/19/2025 12:20,1/19/2025 12:29
457,1/26/2025 7:32,Location-18,Bike,3,Foggy,UP-50-CR-2522,UP,1/26/2025 7:32,1/26/2025 8:57
458,1/25/2025 7:28,Location-5,Truck,5,Cloudy,MH-95-NS-6296,MH,1/25/2025 7:28,1/25/2025 9:21
459,1/7/2025 11:07,Location-19,Car,3,Cloudy,UP-68-FR-7909,UP,1/7/2025 11:07,1/7/2025 12:25
460,1/9/2025 12:56,Location-5,SUV,3,Rainy,RJ-18-AW-4743,RJ,1/9/2025 12:56,1/9/2025 13:31
461,1/18/2025 23:50,Location-15,Truck,5,Cloudy,UP-34-YS-6976,UP,1/18/2025 23:50,1/19/2025 1:45
462,1/11/2025 2:24,Location-14,Bike,5,Snowy,DL-27-NL-5890,DL,1/11/2025 2:24,1/11/2025 3:23
463,1/4/2025 11:03,Location-8,Van,1,Foggy,UP-83-KP-3443,UP,1/4/2025 11:03,1/4/2025 12:05
464,1/31/2025 17:26,Location-5,SUV,2,Sunny,DL-39-QB-7985,DL,1/31/2025 17:26,1/31/2025 19:15
465,1/6/2025 3:08,Location-13,Truck,3,Foggy,KA-38-YL-4548,KA,1/6/2025 3:08,1/6/2025 4:01
466,1/31/2025 8:08,Location-5,SUV,1,Snowy,PB-40-LL-3085,PB,1/31/2025 8:08,1/31/2025 8:19
467,1/6/2025 0:57,Location-13,Truck,5,Snowy,DL-70-FL-7675,DL,1/6/2025 0:57,1/6/2025 2:10
468,1/9/2025 5:39,Location-8,Car,1,Cloudy,UP-88-EW-2126,UP,1/9/2025 5:39,1/9/2025 7:13
469,1/18/2025 1:13,Location-20,SUV,4,Snowy,KA-46-MN-7897,KA,1/18/2025 1:13,1/18/2025 1:41
470,1/12/2025 15:17,Location-3,Bus,3,Rainy,RJ-88-IR-5066,RJ,1/12/2025 15:17,1/12/2025 15:58
471,1/26/2025 8:56,Location-10,SUV,4,Snowy,KA-45-AZ-2782,KA,1/26/2025 8:56,1/26/2025 10:33
472,1/18/2025 14:07,Location-10,Bus,2,Foggy,PB-22-UE-6853,PB,1/18/2025 14:07,1/18/2025 14:24
473,1/10/2025 23:45,Location-9,SUV,5,Sunny,KA-71-RK-4988,KA,1/10/2025 23:45,1/11/2025 0:52
474,1/25/2025 22:41,Location-3,Truck,1,Foggy,RJ-63-AL-7183,RJ,1/25/2025 22:41,1/26/2025 0:33
475,1/17/2025 8:58,Location-20,Truck,2,Foggy,KA-95-DH-7993,KA,1/17/2025 8:58,1/17/2025 9:17
476,1/7/2025 19:36,Location-6,Truck,5,Snowy,GJ-11-WY-3351,GJ,1/7/2025 19:36,1/7/2025 21:34
477,1/31/2025 16:00,Location-13,Car,5,Snowy,KA-91-PK-2298,KA,1/31/2025 16:00,1/31/2025 17:04
478,1/16/2025 18:19,Location-12,Car,2,Foggy,UP-38-JW-6854,UP,1/16/2025 18:19,1/16/2025 18:55
479,1/20/2025 17:04,Location-15,Car,1,Rainy,KA-47-QB-2447,KA,1/20/2025 17:04,1/20/2025 17:17
480,1/11/2025 20:47,Location-10,Truck,5,Foggy,MH-91-CN-1696,MH,1/11/2025 20:47,1/11/2025 20:56
481,1/17/2025 10:25,Location-4,Bus,4,Rainy,UP-60-HH-4775,UP,1/17/2025 10:25,1/17/2025 12:04
482,1/1/2025 20:31,Location-6,Bus,5,Rainy,MH-23-XB-5591,MH,1/1/2025 20:31,1/1/2025 20:43
483,1/13/2025 19:30,Location-6,SUV,4,Foggy,TN-85-TC-8743,TN,1/13/2025 19:30,1/13/2025 20:19
484,1/4/2025 2:32,Location-16,Bus,2,Cloudy,KA-13-KZ-2431,KA,1/4/2025 2:32,1/4/2025 3:20
485,1/1/2025 23:05,Location-5,Car,3,Snowy,MH-67-XG-7638,MH,1/1/2025 23:05,1/1/2025 23:22
486,1/8/2025 0:36,Location-11,Car,1,Sunny,WB-87-PN-7886,WB,1/8/2025 0:36,1/8/2025 0:57
487,1/30/2025 4:08,Location-3,Bus,5,Cloudy,GJ-39-EO-4334,GJ,1/30/2025 4:08,1/30/2025 5:32
488,1/23/2025 8:24,Location-2,SUV,2,Snowy,PB-16-NY-7287,PB,1/23/2025 8:24,1/23/2025 9:55
489,1/19/2025 20:55,Location-2,SUV,4,Foggy,TN-25-BT-3585,TN,1/19/2025 20:55,1/19/2025 22:08
490,1/26/2025 10:23,Location-15,SUV,2,Cloudy,WB-91-AG-9378,WB,1/26/2025 10:23,1/26/2025 11:04
491,1/7/2025 7:41,Location-7,Car,4,Cloudy,KA-15-VV-1721,KA,1/7/2025 7:41,1/7/2025 8:20
492,1/2/2025 22:24,Location-4,Car,3,Sunny,MH-29-BP-1901,MH,1/2/2025 22:24,1/2/2025 23:38
493,1/1/2025 8:54,Location-12,Bus,4,Cloudy,KA-67-UJ-2123,KA,1/1/2025 8:54,1/1/2025 10:07
494,1/26/2025 23:08,Location-8,Bus,5,Rainy,DL-20-FE-2069,DL,1/26/2025 23:08,1/26/2025 23:36
495,1/23/2025 16:56,Location-13,SUV,2,Snowy,GJ-22-PR-8743,GJ,1/23/2025 16:56,1/23/2025 17:50
496,1/14/2025 1:35,Location-15,Car,4,Sunny,KA-72-TJ-9524,KA,1/14/2025 1:35,1/14/2025 2:44
497,1/20/2025 15:59,Location-1,Bus,2,Cloudy,KA-15-BV-5939,KA,1/20/2025 15:59,1/20/2025 16:11
498,1/28/2025 19:58,Location-15,Bike,4,Rainy,TN-16-QL-6789,TN,1/28/2025 19:58,1/28/2025 20:53
499,1/17/2025 22:56,Location-7,Bus,1,Rainy,WB-77-DA-4639,WB,1/17/2025 22:56,1/18/2025 0:53
500,1/9/2025 6:37,Location-1,Car,3,Sunny,RJ-80-BN-8086,RJ,1/9/2025 6:37,1/9/2025 7:42
